<?xml version="1.0"?>
<doc>
    <assembly>
        <name>WellsFargo.Libraries.Services.Impl</name>
    </assembly>
    <members>
        <member name="T:WellsFargo.Libraries.Services.Impl.PromoCodeController">
            <summary>
            PromoCode API Controller
            </summary>
        </member>
        <member name="M:WellsFargo.Libraries.Services.Impl.PromoCodeController.#ctor(WellsFargo.Libraries.Domian.Interfaces.IPromoCodeDoaminServices)">
            <summary>
            Primary Constructor which depends on the PromoCode Domain Services
            </summary>
            <param name="promoCodeService"></param>
        </member>
        <member name="M:WellsFargo.Libraries.Services.Impl.PromoCodeController.CreateNewCampaign(WellsFargo.Libraries.Models.PromoCodeModel)">
            <summary>
            Adds a New Campaign to the Generate PromoCode DB.
            </summary>
            <param name="newPromoCodeModel">New Campaign Values</param>
            <returns>Added Campaign Record</returns>
        </member>
        <member name="M:WellsFargo.Libraries.Services.Impl.PromoCodeController.GetPromoCodeByCampaign(System.String)">
            <summary>
            Get PromoCodes List By Campaign Name
            </summary>
            <param name="campaignName">Campaign Name</param>
            <returns>Promo Codes</returns>
        </member>
        <member name="M:WellsFargo.Libraries.Services.Impl.PromoCodeController.SearchCampaign(System.String)">
            <summary>
            Searchs Campaigns List by Campaign Name 
            </summary>
            <param name="searchString">Search String</param>
            <returns>Filtered Campaigns List</returns>
        </member>
        <member name="M:WellsFargo.Libraries.Services.Impl.PromoCodeController.UpdateCampaign(WellsFargo.Libraries.Models.PromoCodeModel)">
            <summary>
            Update the Existing Campaign Record
            </summary>
            <param name="updatePromoCodeModel">Updated Campaign Values</param>
            <returns>Updated Campaign Record</returns>
        </member>
        <member name="M:WellsFargo.Libraries.Services.Impl.PromoCodeController.ViewAllCampaigns">
            <summary>
            Gets Complete Campaign List
            </summary>
            <returns>Completed Campaigns List</returns>
        </member>
    </members>
</doc>
